94501,Alameda,Alameda
94502,Alameda,Alameda
94706,Albany,Alameda
94707,Albany,Alameda
94710,Albany,Alameda
94701,Berkeley,Alameda
94702,Berkeley,Alameda
94703,Berkeley,Alameda
94704,Berkeley,Alameda
94705,Berkeley,Alameda
94706,Berkeley,Alameda
94707,Berkeley,Alameda
94708,Berkeley,Alameda
94709,Berkeley,Alameda
94710,Berkeley,Alameda
94712,Berkeley,Alameda
94720,Berkeley,Alameda
94568,Dublin,Alameda
94608,Emeryville,Alameda
94662,Emeryville,Alameda
94536,Fremont,Alameda
94537,Fremont,Alameda
94538,Fremont,Alameda
94539,Fremont,Alameda
94555,Fremont,Alameda
94540,Hayward,Alameda
94541,Hayward,Alameda
94542,Hayward,Alameda
94543,Hayward,Alameda
94544,Hayward,Alameda
94545,Hayward,Alameda
94546,Hayward,Alameda
94552,Hayward,Alameda
94557,Hayward,Alameda
94550,Livermore,Alameda
94551,Livermore,Alameda
94560,Newark,Alameda
94601,Oakland,Alameda
94602,Oakland,Alameda
94603,Oakland,Alameda
94604,Oakland,Alameda
94605,Oakland,Alameda
94606,Oakland,Alameda
94607,Oakland,Alameda
94608,Oakland,Alameda
94609,Oakland,Alameda
94610,Oakland,Alameda
94611,Oakland,Alameda
94612,Oakland,Alameda
94613,Oakland,Alameda
94614,Oakland,Alameda
94615,Oakland,Alameda
94616,Oakland,Alameda
94617,Oakland,Alameda
94618,Oakland,Alameda
94619,Oakland,Alameda
94620,Oakland,Alameda
94621,Oakland,Alameda
94622,Oakland,Alameda
94623,Oakland,Alameda
94624,Oakland,Alameda
94649,Oakland,Alameda
94659,Oakland,Alameda
94660,Oakland,Alameda
94661,Oakland,Alameda
94666,Oakland,Alameda
94602,Piedmont,Alameda
94610,Piedmont,Alameda
94611,Piedmont,Alameda
94618,Piedmont,Alameda
94620,Piedmont,Alameda
94566,Pleasanton,Alameda
94568,Pleasanton,Alameda
94588,Pleasanton,Alameda
94577,San Leandro,Alameda
94578,San Leandro,Alameda
94579,San Leandro,Alameda
94587,Union City,Alameda
94509,Antioch,Contra Costa
94531,Antioch,Contra Costa
94513,Brentwood,Contra Costa
94517,Clayton,Contra Costa
94518,Concord,Contra Costa
94519,Concord,Contra Costa
94520,Concord,Contra Costa
94521,Concord,Contra Costa
94522,Concord,Contra Costa
94523,Concord,Contra Costa
94524,Concord,Contra Costa
94527,Concord,Contra Costa
94529,Concord,Contra Costa
94506,Danville,Contra Costa
94526,Danville,Contra Costa
94530,El Cerrito,Contra Costa
94547,Hercules,Contra Costa
94549,Lafayette,Contra Costa
94553,Martinez,Contra Costa
94556,Moraga,Contra Costa
94570,Moraga,Contra Costa
94575,Moraga,Contra Costa
94561,Oakley,Contra Costa
94563,Orinda,Contra Costa
94564,Pinole,Contra Costa
94565,Pittsburg,Contra Costa
94523,Pleasant Hill,Contra Costa
94801,Richmond,Contra Costa
94802,Richmond,Contra Costa
94803,Richmond,Contra Costa
94804,Richmond,Contra Costa
94805,Richmond,Contra Costa
94806,Richmond,Contra Costa
94807,Richmond,Contra Costa
94808,Richmond,Contra Costa
94820,Richmond,Contra Costa
94850,Richmond,Contra Costa
94803,San Pablo,Contra Costa
94805,San Pablo,Contra Costa
94806,San Pablo,Contra Costa
94582,San Ramon,Contra Costa
94583,San Ramon,Contra Costa
94595,Walnut Creek,Contra Costa
94596,Walnut Creek,Contra Costa
94597,Walnut Creek,Contra Costa
94598,Walnut Creek,Contra Costa
94920,Belvedere,Marin
94925,Corte Madera,Marin
94976,Corte Madera,Marin
94978,Fairfax,Marin
94930,Fairfax,Marin
94939,Larkspur,Marin
94977,Larkspur,Marin
94941,Mill Valley,Marin
94942,Mill Valley,Marin
94945,Novato,Marin
94947,Novato,Marin
94948,Novato,Marin
94949,Novato,Marin
94998,Novato,Marin
94957,Ross,Marin
94901,San Anselmo,Marin
94960,San Anselmo,Marin
94979,San Anselmo,Marin
94901,San Rafael,Marin
94903,San Rafael,Marin
94912,San Rafael,Marin
94913,San Rafael,Marin
94915,San Rafael,Marin
94965,Sausalito,Marin
94966,Sausalito,Marin
94920,Tiburon,Marin
94503,American Canyon,Napa
94589,American Canyon,Napa
94515,Calistoga,Napa
94558,Napa,Napa
94559,Napa,Napa
94581,Napa,Napa
94574,St. Helena,Napa
94599,Yountville,Napa
94102,San Francisco,San Francisco
94103,San Francisco,San Francisco
94104,San Francisco,San Francisco
94105,San Francisco,San Francisco
94107,San Francisco,San Francisco
94108,San Francisco,San Francisco
94109,San Francisco,San Francisco
94110,San Francisco,San Francisco
94111,San Francisco,San Francisco
94112,San Francisco,San Francisco
94114,San Francisco,San Francisco
94115,San Francisco,San Francisco
94116,San Francisco,San Francisco
94117,San Francisco,San Francisco
94118,San Francisco,San Francisco
94119,San Francisco,San Francisco
94120,San Francisco,San Francisco
94121,San Francisco,San Francisco
94122,San Francisco,San Francisco
94123,San Francisco,San Francisco
94124,San Francisco,San Francisco
94125,San Francisco,San Francisco
94126,San Francisco,San Francisco
94127,San Francisco,San Francisco
94128,San Francisco,San Francisco
94129,San Francisco,San Francisco
94130,San Francisco,San Francisco
94131,San Francisco,San Francisco
94132,San Francisco,San Francisco
94133,San Francisco,San Francisco
94134,San Francisco,San Francisco
94137,San Francisco,San Francisco
94139,San Francisco,San Francisco
94140,San Francisco,San Francisco
94141,San Francisco,San Francisco
94142,San Francisco,San Francisco
94143,San Francisco,San Francisco
94144,San Francisco,San Francisco
94145,San Francisco,San Francisco
94146,San Francisco,San Francisco
94147,San Francisco,San Francisco
94151,San Francisco,San Francisco
94158,San Francisco,San Francisco
94159,San Francisco,San Francisco
94160,San Francisco,San Francisco
94161,San Francisco,San Francisco
94163,San Francisco,San Francisco
94164,San Francisco,San Francisco
94172,San Francisco,San Francisco
94177,San Francisco,San Francisco
94188,San Francisco,San Francisco
94027,Atherton,San Mateo
94002,Belmont,San Mateo
94005,Brisbane,San Mateo
94010,Burlingame,San Mateo
94011,Burlingame,San Mateo
94014,Colma,San Mateo
94014,Daly City,San Mateo
94015,Daly City,San Mateo
94016,Daly City,San Mateo
94017,Daly City,San Mateo
94303,East Palo Alto,San Mateo
94404,Foster City,San Mateo
94019,Half Moon Bay,San Mateo
94010,Hillsborough,San Mateo
94025,Menlo Park,San Mateo
94026,Menlo Park,San Mateo
94027,Menlo Park,San Mateo
94028,Menlo Park,San Mateo
94030,Millbrae,San Mateo
94044,Pacifica,San Mateo
94028,Portola Valley,San Mateo
94061,Redwood City,San Mateo
94062,Redwood City,San Mateo
94063,Redwood City,San Mateo
94064,Redwood City,San Mateo
94065,Redwood City,San Mateo
94066,San Bruno,San Mateo
94070,San Carlos,San Mateo
94401,San Mateo,San Mateo
94402,San Mateo,San Mateo
94403,San Mateo,San Mateo
94404,San Mateo,San Mateo
94497,San Mateo,San Mateo
94080,South San Francisco,San Mateo
94083,South San Francisco,San Mateo
94061,Woodside,San Mateo
94062,Woodside,San Mateo
95008,Campbell,Santa Clara
95009,Campbell,Santa Clara
95011,Campbell,Santa Clara
95014,Cupertino,Santa Clara
95015,Cupertino,Santa Clara
95020,Gilroy,Santa Clara
95021,Gilroy,Santa Clara
94022,Los Altos,Santa Clara
94023,Los Altos,Santa Clara
94024,Los Altos,Santa Clara
94022,Los Altos Hills,Santa Clara
94024,Los Altos Hills,Santa Clara
95030,Los Gatos,Santa Clara
95031,Los Gatos,Santa Clara
95032,Los Gatos,Santa Clara
95033,Los Gatos,Santa Clara
95035,Milpitas,Santa Clara
95036,Milpitas,Santa Clara
95030,Monte Sereno,Santa Clara
95037,Morgan Hill,Santa Clara
95038,Morgan Hill,Santa Clara
94035,Mountain View,Santa Clara
94039,Mountain View,Santa Clara
94040,Mountain View,Santa Clara
94041,Mountain View,Santa Clara
94042,Mountain View,Santa Clara
94043,Mountain View,Santa Clara
94301,Palo Alto,Santa Clara
94302,Palo Alto,Santa Clara
94303,Palo Alto,Santa Clara
94304,Palo Alto,Santa Clara
94305,Palo Alto,Santa Clara
94306,Palo Alto,Santa Clara
94309,Palo Alto,Santa Clara
95002,San Jose,Santa Clara
95101,San Jose,Santa Clara
95103,San Jose,Santa Clara
95106,San Jose,Santa Clara
95108,San Jose,Santa Clara
95109,San Jose,Santa Clara
95110,San Jose,Santa Clara
95111,San Jose,Santa Clara
95112,San Jose,Santa Clara
95113,San Jose,Santa Clara
95115,San Jose,Santa Clara
95116,San Jose,Santa Clara
95117,San Jose,Santa Clara
95118,San Jose,Santa Clara
95119,San Jose,Santa Clara
95120,San Jose,Santa Clara
95121,San Jose,Santa Clara
95122,San Jose,Santa Clara
95123,San Jose,Santa Clara
95124,San Jose,Santa Clara
95125,San Jose,Santa Clara
95126,San Jose,Santa Clara
95127,San Jose,Santa Clara
95128,San Jose,Santa Clara
95129,San Jose,Santa Clara
95130,San Jose,Santa Clara
95131,San Jose,Santa Clara
95132,San Jose,Santa Clara
95133,San Jose,Santa Clara
95134,San Jose,Santa Clara
95135,San Jose,Santa Clara
95136,San Jose,Santa Clara
95138,San Jose,Santa Clara
95139,San Jose,Santa Clara
95140,San Jose,Santa Clara
95141,San Jose,Santa Clara
95148,San Jose,Santa Clara
95150,San Jose,Santa Clara
95151,San Jose,Santa Clara
95152,San Jose,Santa Clara
95153,San Jose,Santa Clara
95154,San Jose,Santa Clara
95155,San Jose,Santa Clara
95156,San Jose,Santa Clara
95157,San Jose,Santa Clara
95158,San Jose,Santa Clara
95159,San Jose,Santa Clara
95160,San Jose,Santa Clara
95161,San Jose,Santa Clara
95164,San Jose,Santa Clara
95170,San Jose,Santa Clara
95172,San Jose,Santa Clara
95173,San Jose,Santa Clara
95190,San Jose,Santa Clara
95191,San Jose,Santa Clara
95192,San Jose,Santa Clara
95193,San Jose,Santa Clara
95196,San Jose,Santa Clara
95050,Santa Clara,Santa Clara
95051,Santa Clara,Santa Clara
95052,Santa Clara,Santa Clara
95053,Santa Clara,Santa Clara
95054,Santa Clara,Santa Clara
95055,Santa Clara,Santa Clara
95056,Santa Clara,Santa Clara
95070,Saratoga,Santa Clara
95071,Saratoga,Santa Clara
94085,Sunnyvale,Santa Clara
94086,Sunnyvale,Santa Clara
94087,Sunnyvale,Santa Clara
94088,Sunnyvale,Santa Clara
94089,Sunnyvale,Santa Clara
94510,Benicia,Solano
95620,Dixon,Solano
94533,Fairfield,Solano
94534,Fairfield,Solano
94535,Fairfield,Solano
94571,Rio Vista,Solano
94534,Suisun City,Solano
94585,Suisun City,Solano
95687,Vacaville,Solano
95688,Vacaville,Solano
95696,Vacaville,Solano
94503,Vallejo,Solano
94589,Vallejo,Solano
94590,Vallejo,Solano
94591,Vallejo,Solano
94592,Vallejo,Solano
95425,Cloverdale,Sonoma
94926,Cotati,Sonoma
94927,Cotati,Sonoma
94928,Cotati,Sonoma
94931,Cotati,Sonoma
95448,Healdsburg,Sonoma
94952,Petaluma,Sonoma
94953,Petaluma,Sonoma
94954,Petaluma,Sonoma
94955,Petaluma,Sonoma
94975,Petaluma,Sonoma
94999,Petaluma,Sonoma
94926,Rohnert Park,Sonoma
94927,Rohnert Park,Sonoma
94928,Rohnert Park,Sonoma
95401,Santa Rosa,Sonoma
95402,Santa Rosa,Sonoma
95403,Santa Rosa,Sonoma
95404,Santa Rosa,Sonoma
95405,Santa Rosa,Sonoma
95406,Santa Rosa,Sonoma
95407,Santa Rosa,Sonoma
95409,Santa Rosa,Sonoma
95472,Sebastopol,Sonoma
95473,Sebastopol,Sonoma
95476,Sonoma,Sonoma
95492,Windsor,Sonoma
